insert  into products(id,name,currency,value,quantity,version) values (1,'Black Shirt','EUR','12.00',1,1);
insert  into products(id,name,currency,value,quantity,version) values (2,'Red Shirt','EUR','132.00',11,1);
insert  into products(id,name,currency,value,quantity,version) values (3,'Green Shirt','EUR','152.00',10,1);
insert  into products(id,name,currency,value,quantity,version) values (4,'Black Hat','EUR','32.00',12,1);
insert  into products(id,name,currency,value,quantity,version) values (5,'Brown Hat','EUR','19.00',17,1);
insert  into products(id,name,currency,value,quantity,version) values (6,'White Hat','EUR','132.00',1,1);
insert  into products(id,name,currency,value,quantity,version) values (7,'Yellow Shorts','EUR','332.00',12,1);
insert  into products(id,name,currency,value,quantity,version) values (8,'Black Shorts','EUR','198.00',17,1);
insert  into products(id,name,currency,value,quantity,version) values (9,'Pink Shorts','EUR','162.00',1,1);
insert  into products(id,name,currency,value,quantity,version) values (10,'Blue Shorts','EUR','169.00',1,1);

insert  into products(id,name,currency,value,quantity,version) values (11,'Formal Black Shirt','EUR','799.00',1,1);
insert  into products(id,name,currency,value,quantity,version) values (12,'Formal White Shirt','EUR','899.00',11,1);
insert  into products(id,name,currency,value,quantity,version) values (13,'Casual Denim Shirt','EUR','152.00',10,1);
insert  into products(id,name,currency,value,quantity,version) values (14,'Orange Skirt','EUR','999.00',12,1);
insert  into products(id,name,currency,value,quantity,version) values (15,'Polo T-Shirt','EUR','500.00',17,1);
insert  into products(id,name,currency,value,quantity,version) values (16,'Blue Jeans','EUR','132.00',1,1);
insert  into products(id,name,currency,value,quantity,version) values (17,'Denim Jacket','EUR','332.00',12,1);
insert  into products(id,name,currency,value,quantity,version) values (18,'Formal Trousers','EUR','198.00',17,1);
insert  into products(id,name,currency,value,quantity,version) values (19,'Little Black Dress','EUR','899.00',1,1);
insert  into products(id,name,currency,value,quantity,version) values (20,'Pink Gown','EUR','650.00',1,1);

insert into categories (name, id) values ('Mens Wear',100);
insert into categories (name, id) values ('Womens Wear',200);
insert into categories (name, id) values ('Top Wear',300);

insert into products_categories(product_id,category_id) values (1,100);
insert into products_categories(product_id,category_id) values (1,300);
insert into products_categories(product_id,category_id) values (2,100);
insert into products_categories(product_id,category_id) values (2,300);
insert into products_categories(product_id,categoyr_id) values (3,100);
insert into products_categories(product_id,categoyr_id) values (3,300);
insert into products_categories(product_id,category_id) values (4,100);
insert into products_categories(product_id,category_id) values (5,100);
insert into products_categories(product_id,category_id) values (6,100);
insert into products_categories(product_id,category_id) values (7,100);
insert into products_categories(product_id,category_id) values (8,100);
insert into products_categories(product_id,category_id) values (9,100);
insert into products_categories(product_id,category_id) values (10,100);

insert into products_categories(product_id,category_id) values (11,200);
insert into products_categories(product_id,category_id) values (11,300);
insert into products_categories(product_id,category_id) values (12,200);
insert into products_categories(product_id,category_id) values (12,300);
insert into products_categories(product_id,categoyr_id) values (13,200);
insert into products_categories(product_id,categoyr_id) values (13,300);
insert into products_categories(product_id,category_id) values (14,200);
insert into products_categories(product_id,category_id) values (15,200);
insert into products_categories(product_id,category_id) values (15,300);
insert into products_categories(product_id,category_id) values (16,200);
insert into products_categories(product_id,category_id) values (17,200);
insert into products_categories(product_id,category_id) values (17,300);
insert into products_categories(product_id,category_id) values (18,200);
insert into products_categories(product_id,category_id) values (19,200);
insert into products_categories(product_id,category_id) values (20,200);
